age_group,total_users,churned_users,avg_purchase_count,churn_rate,churn_rate_pct
50대 이상,83,56,1.59,0.6746987951807228,67.47
20대,163,95,1.45,0.5828220858895705,58.28
40대,108,47,3.65,0.4351851851851852,43.52
30대,146,55,3.95,0.3767123287671233,37.67
