category,total_orders,completed_orders,avg_amount,total_amount,completion_rate,completion_rate_pct
전자기기,214,112,270009,57782000,0.5233644859813084,52.34
패션,249,168,112920,28117000,0.6746987951807228,67.47
홈리빙,172,124,162680,27981000,0.7209302325581395,72.09
뷰티,182,134,74879,13628000,0.7362637362637363,73.63
식품,183,150,69164,12657000,0.819672131147541,81.97
