entry_page,total_sessions,avg_session_duration,completed_purchases,conversion_rate,conversion_rate_pct
검색,511,159.65,28,0.0547945205479452,5.48
홈,715,105.75,45,0.06293706293706294,6.29
카테고리,319,185.42,22,0.06896551724137931,6.9
상품상세,455,272.19,79,0.17362637362637362,17.36
