order_month,total_orders,completed_orders,total_amount,completion_rate,completion_rate_pct
2025-07,420,305,60978000,0.7261904761904762,72.62
2025-08,340,224,47411000,0.6588235294117647,65.88
2025-09,240,159,31776000,0.6625,66.25
